<?xml version="1.0" encoding="utf-8"?>
<pc:portrayalCatalog xmlns:pc="http://www.iho.int/S100PortrayalCatalog/5.2" xmlns:xsl="http://www.w3.org/2001/XMLSchema" productId="S-98" version="3.0.0">
   <symbols>
        <symbol id="BCNGEN01">
            <description>
                <name>BCNGEN01</name>
                <description>beacon in general, paper-chart</description>
                <language>eng</language>
            </description>
            <fileName>BCNGEN01.svg</fileName>
            <fileType>Symbol</fileType>
            <fileFormat>SVG</fileFormat>
        </symbol>
        <symbol id="POSGEN01">
            <description>
                <name>POSGEN01</name>
                <description>position of a point feature</description>
                <language>eng</language>
            </description>
            <fileName>POSGEN01.svg</fileName>
            <fileType>Symbol</fileType>
            <fileFormat>SVG</fileFormat>
        </symbol>
        <symbol id="POSGEN05">
		   <description>
			   <name>POSGEN05</name>
			   <description>Position of an elevation or control point, not conspicuous</description>
			   <language>eng</language>
		   </description>
		   <fileName>POSGEN05.svg</fileName>
		   <fileType>Symbol</fileType>
		   <fileFormat>SVG</fileFormat>
	    </symbol>	   
        <symbol id="WRECKS04">
            <description>
                <name>WRECKS04</name>
                <description>non-dangerous wreck, depth unknown</description>
                <language>eng</language>
            </description>
            <fileName>WRECKS04.svg</fileName>
            <fileType>Symbol</fileType>
            <fileFormat>SVG</fileFormat>
        </symbol>
        <symbol id="CHINFO08">
            <description>
                <name>CHINFO08</name>
                <description>mariner's information note</description>
                <language>eng</language>
            </description>
            <fileName>CHINFO08.svg</fileName>
            <fileType>Symbol</fileType>
            <fileFormat>SVG</fileFormat>
        </symbol>
        <symbol id="USRPNT01">
            <description>
                <language>en</language>
                <name>USRPNT01</name>
                <description>Small circle symbol for point drawing instruction.</description>
            </description>
            <fileName>USRPNT01.svg</fileName>
            <fileType>Symbol</fileType>
            <fileFormat>SVG</fileFormat>
        </symbol>
        <symbol id="ISODGR01">
            <description>
                <name>ISODGR01</name>
                <description>isolated underwater danger of depth less than the safety contour</description>
                <language>eng</language>
            </description>
            <fileName>ISODGR01.svg</fileName>
            <fileType>Symbol</fileType>
            <fileFormat>SVG</fileFormat>
        </symbol>
        <symbol id="BCNDEF13">
            <description>
                <name>BCNDEF13</name>
                <description>default symbol for a beacon, simplified</description>
                <language>eng</language>
            </description>
            <fileName>BCNDEF13.svg</fileName>
            <fileType>Symbol</fileType>
            <fileFormat>SVG</fileFormat>
        </symbol>
    </symbols>
    <styleSheets>
      <styleSheet id="daySvgStyle">
         <description>
            <name>Day</name>
            <description>CSS file for day palette</description>
            <language>eng</language>
         </description>
         <fileName>daySvgStyle.css</fileName>
         <fileType>StyleSheet</fileType>
         <fileFormat>XML</fileFormat> <!-- fileFormat will need to be updated when Part 9 is updated to include CSS file format. -->
      </styleSheet>
      <styleSheet id="duskSvgStyle">
         <description>
            <name>Dusk</name>
            <description>CSS file for dusk palette</description>
            <language>eng</language>
         </description>
         <fileName>duskSvgStyle.css</fileName>
         <fileType>StyleSheet</fileType>
         <fileFormat>XML</fileFormat> <!-- fileFormat will need to be updated when Part 9 is updated to include CSS file format. -->
      </styleSheet>
      <styleSheet id="nightSvgStyle">
         <description>
            <name>Night</name>
            <description>CSS file for night palette</description>
            <language>eng</language>
         </description>
         <fileName>nightSvgStyle.css</fileName>
         <fileType>StyleSheet</fileType>
         <fileFormat>XML</fileFormat> <!-- fileFormat will need to be updated when Part 9 is updated to include CSS file format. -->
      </styleSheet>
    </styleSheets>
    <rules>
        <ruleFile id="1">
			<description>
				<name>main</name>
				<description>main</description>
			</description>
			<fileName>main.lua</fileName>
			<fileType>Rule</fileType>
			<fileFormat>LUA</fileFormat>
			<ruleType>TopLevelTemplate</ruleType>
		</ruleFile>
		<ruleFile id="Default">
			<description>
			  <name>Default</name>
			  <description>Default</description>
			  <language>eng</language>
			</description>
			<fileName>Default.lua</fileName>
			<fileType>Rule</fileType>
			<fileFormat>lua</fileFormat>
			<ruleType>SubTemplate</ruleType>
		  </ruleFile>
		  <ruleFile id="PortrayalAPI">
			<description>
			   <name>PortrayalAPI</name>
			   <description>Portrayal API</description>
			   <language>eng</language>
			</description>
			<fileName>PortrayalAPI.lua</fileName>
			<fileType>Rule</fileType>
			<fileFormat>LUA</fileFormat>
			<ruleType>SubTemplate</ruleType>
		 </ruleFile>
		 <ruleFile id="PortrayalModel">
			<description>
			   <name>PortrayalModel</name>
			   <description>Portrayal Model</description>
			   <language>eng</language>
			</description>
			<fileName>PortrayalModel.lua</fileName>
			<fileType>Rule</fileType>
			<fileFormat>LUA</fileFormat>
			<ruleType>SubTemplate</ruleType>
		 </ruleFile>
		 <ruleFile id="S100Scripting">
			<description>
			   <name>S100Scripting</name>
			   <description>S100 Scripting</description>
			   <language>eng</language>
			</description>
			<fileName>S100Scripting.lua</fileName>
			<fileType>Rule</fileType>
			<fileFormat>LUA</fileFormat>
			<ruleType>SubTemplate</ruleType>
		 </ruleFile>
		 <ruleFile id="Wreck">
			<description>
			   <name>Wreck</name>
			   <description>Obstruction</description>
			   <language>eng</language>
			</description>
			<fileName>Wreck.lua</fileName>
			<fileType>Rule</fileType>
			<fileFormat>LUA</fileFormat>
			<ruleType>SubTemplate</ruleType>
		 </ruleFile>
		 <ruleFile id="Obstruction">
			<description>
			   <name>Obstruction</name>
			   <description>Obstruction</description>
			   <language>eng</language>
			</description>
			<fileName>Obstruction.lua</fileName>
			<fileType>Rule</fileType>
			<fileFormat>LUA</fileFormat>
			<ruleType>SubTemplate</ruleType>
		 </ruleFile>
		 <ruleFile id="Beacon">
			<description>
			   <name>Beacon</name>
			   <description>Beacon</description>
			   <language>eng</language>
			</description>
			<fileName>Beacon.lua</fileName>
			<fileType>Rule</fileType>
			<fileFormat>LUA</fileFormat>
			<ruleType>SubTemplate</ruleType>
		 </ruleFile>
         <ruleFile id="Depth">
			<description>
			   <name>Depth</name>
			   <description>Depth</description>
			   <language>eng</language>
			</description>
			<fileName>Depth.lua</fileName>
			<fileType>Rule</fileType>
			<fileFormat>LUA</fileFormat>
			<ruleType>SubTemplate</ruleType>
		 </ruleFile>
         <ruleFile id="Underwater">
			<description>
			   <name>Underwater</name>
			   <description>Underwater</description>
			   <language>eng</language>
			</description>
			<fileName>Underwater.lua</fileName>
			<fileType>Rule</fileType>
			<fileFormat>LUA</fileFormat>
			<ruleType>SubTemplate</ruleType>
		 </ruleFile>
         <ruleFile id="Buoy">
			<description>
			   <name>Buoy</name>
			   <description>Buoy</description>
			   <language>eng</language>
			</description>
			<fileName>Buoy.lua</fileName>
			<fileType>Rule</fileType>
			<fileFormat>LUA</fileFormat>
			<ruleType>SubTemplate</ruleType>
		 </ruleFile>
         <ruleFile id="CautionVicinity">
			<description>
			   <name>CautionVicinity</name>
			   <description>CautionVicinity</description>
			   <language>eng</language>
			</description>
			<fileName>CautionVicinity.lua</fileName>
			<fileType>Rule</fileType>
			<fileFormat>LUA</fileFormat>
			<ruleType>SubTemplate</ruleType>
		 </ruleFile>
         <ruleFile id="CautionObjectMissing">
			<description>
			   <name>CautionObjectMissing</name>
			   <description>CautionObjectMissing</description>
			   <language>eng</language>
			</description>
			<fileName>CautionObjectMissing.lua</fileName>
			<fileType>Rule</fileType>
			<fileFormat>LUA</fileFormat>
			<ruleType>SubTemplate</ruleType>
		 </ruleFile>
         <ruleFile id="Cable">
			<description>
			   <name>Cable</name>
			   <description>Cable</description>
			   <language>eng</language>
			</description>
			<fileName>Cable.lua</fileName>
			<fileType>Rule</fileType>
			<fileFormat>LUA</fileFormat>
			<ruleType>SubTemplate</ruleType>
		 </ruleFile>
         <ruleFile id="Danger">
			<description>
			   <name>Danger</name>
			   <description>Danger</description>
			   <language>eng</language>
			</description>
			<fileName>Danger.lua</fileName>
			<fileType>Rule</fileType>
			<fileFormat>LUA</fileFormat>
			<ruleType>SubTemplate</ruleType>
		 </ruleFile>
         <ruleFile id="Other">
			<description>
			   <name>Other</name>
			   <description>Other</description>
			   <language>eng</language>
			</description>
			<fileName>Other.lua</fileName>
			<fileType>Rule</fileType>
			<fileFormat>LUA</fileFormat>
			<ruleType>SubTemplate</ruleType>
		 </ruleFile>
         <ruleFile id="Restricted">
			<description>
			   <name>Restricted</name>
			   <description>Restricted</description>
			   <language>eng</language>
			</description>
			<fileName>Restricted.lua</fileName>
			<fileType>Rule</fileType>
			<fileFormat>LUA</fileFormat>
			<ruleType>SubTemplate</ruleType>
		 </ruleFile>
         <ruleFile id="Caution">
			<description>
			   <name>Caution</name>
			   <description>Caution</description>
			   <language>eng</language>
			</description>
			<fileName>Caution.lua</fileName>
			<fileType>Rule</fileType>
			<fileFormat>LUA</fileFormat>
			<ruleType>SubTemplate</ruleType>
		 </ruleFile>
    </rules>
    <context>
        <parameter id="RadarOverlay">
            <description>
                <name>Radar overlay</name>
                <description>Should be enabled whenever the RADAR sweep is displayed</description>
                <language>eng</language>
            </description>
            <type>Boolean</type>
            <default>false</default>
        </parameter>
        <parameter id="NationalLanguage">
            <description>
                <name>National language</name>
                <description>3-letter language code. Selects preferred language for chart text.</description>
                <language>eng</language>
            </description>
            <type>String</type>
            <default>eng</default>
            <validate>
                <regex>^[a-z]{3}$</regex>
                <errorMessage>
                    <text>Must be three lower-case characters</text>
                </errorMessage>
            </validate>
        </parameter>
    </context>
</pc:portrayalCatalog>
